Study,Methods/Task,Participants,Mean age (SD; range),% Female,Loneliness measure: mean (SD),Primary findings,Notes
Cacioppo et al.USA [???],"EEG task—Displaying sequences of positive and social, positive and nonsocial, negative and social, or negative and nonsocial words",70 total38 high loneliness (HL)32 low loneliness (LL),23.6 (5.6),43%HL: 45%LL: 41%,UCLA-LS. (20 item): 40.6 (10.1)HL: 48.0 (6.7)LL: 31.9 (5.1),"Loneliness associated with differences in ERP waveform between negative (social, nonsocial) and positive (social, nonsocial) words. The differentiation of negative social from negative nonsocial words by brain microstates evoked in the Stroop task occurred earlier in lonely compared to non-lonely.","—Exploratory whole brain analysis—Hypothesis-generating paper—CENA (Cacioppo, Weiss, et al.) used for analyzing high-density ERP waveforms over a 128-sensor space is non-standard EEG approach [???].—Limited external validity for experimental block design"
Cacioppo et al.USA [???],"EEG task—Displaying sequences of positive and social, positive and nonsocial, negative and social, or negative and nonsocial words","27, 19 analyzed10 high loneliness (HL)9 low loneliness (LL)",24.1 (18–44),53%,UCLA-LS. (20 item): 42.3 (11.9)HL: 51.8 (6.6)LL: 31.7 (5.4),"Loneliness associated with significant differences in the ERP waveform between type of stimulus (social threat, nonsocial threat) and loneliness. Social threat images were differentiated from nonsocial threat stimuli earlier in lonely individuals compared to non-lonely individuals.","—Exploratory whole brain analysis—Hypothesis-generating paper—CENA (Cacioppo, Weiss, et al.) used for analyzing high-density ERP waveforms over a 128-sensor space is non-standard EEG approach [???]."
Bocincova et al.USA [???],EEG task—Participants assigned to write about either a nostalgic event or ordinary experience,60 Healthy adults30 Nostalgic Group (NG)30 Control Group (CG),NS,NS,UCLA-LS (10 item): 2.1 (0.5),There were no significant main effects of loneliness or interactions between loneliness and experimental nostalgia condition on event-related negativity (negative deflection of ERP) amplitude.,"—Exploratory whole brain analysis—The experimental paradigm does not involve external stimuli relevant to social or positive/negative contexts, which are shown by other studies to be sensitive to loneliness.—The participants of the study were not uniformly distributed to include participants with high loneliness scores."
Wilson et al.USA [???],Global AD pathology in post-mortem brain and clinical diagnosis of AD,823 healthy controls from Rush Memory and Aging Project90 with post-mortem pathology,80.7 (7.1) at baseline,76%,de Jong-Gierveld Loneliness Scale: 2.3 (0.6),"Lonely individuals more likely to develop an AD-like dementia syndrome, even after controlling for level of social isolation.Loneliness was unrelated to summary measures of AD pathology or to cerebral infarction.",—Post-mortem brain pathology available for only a small subset of participants
Donovan et al.USA [???],PET scan,79 Healthy adults from Harvard Aging Brain Study,76.4 (6.2; 68–89),54%,UCLA-LS (3 item): 5.3 (1.4),"Loneliness was significantly associated with greater amyloid burden; this association was stronger in APOEε4 carriers.Covariates: age, sex, APOEε4, socioeconomic status, depression, anxiety, and social network",—Exploratory whole brain analysis
d’Oleire et al.USA [???],PET scan,117 Healthy adults from Harvard Aging Brain Study,76.0 (6.2; 64–92),59%,UCLA-LS (3 item): 5.2 (2.0),"Loneliness associated with higher tau pathology in the right entorhinal cortex.Covariates: age, sex, apolipoprotein E ε4, the Alzheimer’s disease genetic risk marker, socioeconomic status, social network, depression and anxiety scores, and memory performance",—Hypothesis-driven ROI analysis on entorhinal cortex and inferior temporal cortex and whole-brain exploratory analysis
Gevonden et al.Netherlands [???],SPECT scan pre- and post- amphetamine challenge,38 total adults19 severe hearing impairment (SHI)19 Healthy Controls (HC),25.6 (3.0)SHI: 26.0 (3.0)HC: 25.1 (3.0),84%SHI: 84%HC: 84%,UCLA-LS (20 item): 42.0SHI: 39.6 (8.1)HC: 47.0 (7.1),"SHI, which was associated with significantly higher loneliness than the HC group, which was associated with a hypersensitive dopamine system.Covariates: age, tobacco smokingSensitivity analysis: cochlear implantation",—Hypothesis-driven ROI analysis
Canli et al. USA [???],Genome-wide RNA expression in post-mortem nucleus accumbens,26 healthy adults from Rush Memory and Aging Project,84.5 (6.6) at initial visit,46%,Self-reported loneliness scores (5 items): 2.5 (0.8) at last visit before death,"Loneliness associated with 1710 differentially expressed transcripts (previously associated with behavioral processes, neurological disease, psychological disorders, cancer, organismal injury, and skeletal and muscular disorders.)Loneliness associated with AD genes. Study controlled for known AD diagnosis.",—Exploratory analysis—Extraction of the tissue was conducted without the removal of blood cells and vessels.
Canli et al.USA [???],Genome-wide RNA expression in post-mortem dlPFC,181 healthy adults from Rush Memory and Aging Project,89.5 (6.2) at death,66%,Self-reported loneliness scores (5 items): 2.5 (0.7) at last visit before death,"Loneliness was most associated with up- or down-regulation of genes associated with AD, cancer, and gene sets associated with the aging brain, behavior, and neuronal or synaptic processes.",—Exploratory analysis—Tissue was processed without removal of blood leukocytes
